name;email
Rodolphe;rodolphe@rodolphe.com
Ulrich;ulrich@ulrich.com
Jane;jane@jane.com
Von Burg;pete@example.com
bryan;bryan@bryan.com
eric;eric@eric.com
christian;christian@christian.com
cedrick;cedrick@cedrick.com
david;david@david.com
facebook;facebook@facebook.com